{"stats":{"minecraft:used":{"minecraft:stone_brick_stairs":99,"minecraft:stone_bricks":646,"minecraft:stone_brick_slab":5,"minecraft:dirt":1,"minecraft:cobblestone":58,"minecraft:grass_block":299,"minecraft:spruce_slab":16,"minecraft:spruce_stairs":23,"minecraft:cobblestone_wall":16,"minecraft:packed_mud":4,"minecraft:smooth_stone_slab":41,"minecraft:spruce_planks":46,"minecraft:stone":1,"minecraft:stone_brick_wall":1,"minecraft:coarse_dirt":3,"minecraft:granite":4,"minecraft:spruce_fence":4,"minecraft:spruce_log":29,"minecraft:stripped_spruce_log":36},"minecraft:custom":{"minecraft:time_since_rest":100673,"minecraft:crouch_one_cm":4252,"minecraft:sprint_one_cm":29657,"minecraft:play_time":100673,"minecraft:walk_one_cm":121252,"minecraft:sneak_time":7184,"minecraft:drop":3,"minecraft:jump":557,"minecraft:leave_game":2,"minecraft:time_since_death":100673,"minecraft:total_world_time":100673,"minecraft:fall_one_cm":209,"minecraft:fly_one_cm":1099192},"minecraft:picked_up":{"minecraft:stone":1,"minecraft:stone_bricks":1,"minecraft:netherite_hoe":1},"minecraft:dropped":{"minecraft:stone_bricks":1,"minecraft:stone":1,"minecraft:netherite_hoe":1}},"DataVersion":3700}