{"stats":{"minecraft:custom":{"minecraft:time_since_rest":281694,"minecraft:sprint_one_cm":114218,"minecraft:walk_one_cm":606323,"minecraft:drop":7,"minecraft:fly_one_cm":1908333,"minecraft:open_barrel":1,"minecraft:crouch_one_cm":13017,"minecraft:play_time":281694,"minecraft:sneak_time":15900,"minecraft:walk_under_water_one_cm":499,"minecraft:jump":1799,"minecraft:leave_game":4,"minecraft:walk_on_water_one_cm":5857,"minecraft:time_since_death":281694,"minecraft:total_world_time":281694,"minecraft:climb_one_cm":4664,"minecraft:fall_one_cm":209},"minecraft:dropped":{"minecraft:stone":1,"minecraft:netherite_hoe":1,"minecraft:stone_bricks":1,"minecraft:spruce_log":1,"minecraft:white_wool":2,"minecraft:cobblestone_stairs":1},"minecraft:used":{"minecraft:oak_log":1,"minecraft:oak_fence":4,"minecraft:oak_trapdoor":11,"minecraft:stone_brick_slab":188,"minecraft:water_bucket":41,"minecraft:flower_pot":2,"minecraft:bricks":31,"minecraft:cobblestone_stairs":79,"minecraft:bookshelf":8,"minecraft:spruce_door":6,"minecraft:red_wool":19,"minecraft:lantern":17,"minecraft:grass_block":403,"minecraft:oak_stairs":2,"minecraft:spruce_slab":556,"minecraft:warped_slab":68,"minecraft:oak_planks":20,"minecraft:ladder":90,"minecraft:packed_mud":7,"minecraft:oak_sign":5,"minecraft:spruce_pressure_plate":2,"minecraft:spruce_planks":345,"minecraft:tinted_glass":4,"minecraft:stone":1,"minecraft:spruce_trapdoor":26,"minecraft:spruce_fence_gate":9,"minecraft:mud_bricks":22,"minecraft:cobblestone_slab":19,"minecraft:barrel":12,"minecraft:stone_brick_stairs":934,"minecraft:stone_bricks":1086,"minecraft:cut_copper_stairs":33,"minecraft:white_wool":389,"minecraft:torch":74,"minecraft:tripwire_hook":4,"minecraft:red_carpet":23,"minecraft:dirt":38,"minecraft:cobblestone":58,"minecraft:oak_slab":22,"minecraft:white_banner":4,"minecraft:spruce_stairs":102,"minecraft:cobblestone_wall":39,"minecraft:red_banner":6,"minecraft:glass_pane":65,"minecraft:smooth_stone_slab":280,"minecraft:beehive":26,"minecraft:white_concrete":207,"minecraft:stone_brick_wall":14,"minecraft:coarse_dirt":5,"minecraft:spruce_fence":28,"minecraft:granite":17,"minecraft:warped_planks":55,"minecraft:spruce_log":631,"minecraft:stripped_spruce_log":90,"minecraft:stripped_spruce_wood":32},"minecraft:picked_up":{"minecraft:stone":1,"minecraft:torch":1,"minecraft:spruce_log":1,"minecraft:cobblestone_stairs":1,"minecraft:stone_bricks":1,"minecraft:wheat_seeds":2,"minecraft:netherite_hoe":1,"minecraft:white_wool":2}},"DataVersion":3700}