{
	"credit": "Made with Blockbench",
	"texture_size": [64, 64],
	"textures": {
		"0": "plants:paeoniasterniana",
		"particle": "plants:paeoniasterniana"
	},
	"elements": [
		{
			"from": [0, 0, 0],
			"to": [0, 31, 22.6],
			"rotation": {"angle": 45, "axis": "y", "origin": [0, 0, 0]},
			"faces": {
				"north": {"uv": [0, 0, 0, 7.75], "texture": "#0"},
				"east": {"uv": [5.75, 0, 0, 7.75], "texture": "#0"},
				"south": {"uv": [0, 0, 0, 7.75], "texture": "#0"},
				"west": {"uv": [5.75, 0, 11.5, 7.75], "texture": "#0"},
				"up": {"uv": [0, 5.75, 0, 0], "texture": "#0"},
				"down": {"uv": [0, 0, 0, 5.75], "texture": "#0"}
			}
		},
		{
			"from": [-11.4, 0, 11.3],
			"to": [11.3, 31, 11.3],
			"rotation": {"angle": 45, "axis": "y", "origin": [0, 0, 0]},
			"faces": {
				"north": {"uv": [0, 7.75, 5.75, 15.5], "texture": "#0"},
				"east": {"uv": [0, 0, 0, 7.75], "texture": "#0"},
				"south": {"uv": [5.75, 7.75, 11.5, 15.5], "texture": "#0"},
				"west": {"uv": [0, 0, 0, 7.75], "texture": "#0"},
				"up": {"uv": [5.75, 0, 0, 0], "texture": "#0"},
				"down": {"uv": [5.75, 0, 0, 0], "texture": "#0"}
			}
		}
	]
}