{
	"credit": "Made with Blockbench",
	"texture_size": [64, 64],
	"textures": {
		"0": "plants:paeoniadecomposita",
		"particle": "plants:paeoniadecomposita"
	},
	"elements": [
		{
			"from": [-0.1, 0, -5],
			"to": [-0.1, 32, 26],
			"rotation": {"angle": 45, "axis": "y", "origin": [0, 0, 0]},
			"faces": {
				"north": {"uv": [0, 0, 0, 8], "texture": "#0"},
				"east": {"uv": [0, 0, 7.75, 8], "texture": "#0"},
				"south": {"uv": [0, 0, 0, 8], "texture": "#0"},
				"west": {"uv": [7.75, 0, 15.5, 8], "texture": "#0"},
				"up": {"uv": [0, 7.75, 0, 0], "texture": "#0"},
				"down": {"uv": [0, 0, 0, 7.75], "texture": "#0"}
			}
		},
		{
			"from": [-15.3, 0, 11.5],
			"to": [15.7, 32, 11.5],
			"rotation": {"angle": 45, "axis": "y", "origin": [0, 0, 0]},
			"faces": {
				"north": {"uv": [0, 8, 7.75, 16], "texture": "#0"},
				"east": {"uv": [0, 0, 0, 8], "texture": "#0"},
				"south": {"uv": [7.75, 8, 15.5, 16], "texture": "#0"},
				"west": {"uv": [0, 0, 0, 8], "texture": "#0"},
				"up": {"uv": [7.75, 0, 0, 0], "texture": "#0"},
				"down": {"uv": [7.75, 0, 0, 0], "texture": "#0"}
			}
		}
	],
	"display": {}
}