{
	"credit": "Made with Blockbench",
	"texture_size": [64, 64],
	"textures": {
		"0": "plants:paeonialudlowii",
		"particle": "plants:paeonialudlowii"
	},
	"elements": [
		{
			"from": [-4.2, 0, 0.1],
			"to": [26.8, 32, 0.1],
			"rotation": {"angle": -45, "axis": "y", "origin": [0, 0, 0]},
			"faces": {
				"north": {"uv": [0, 0, 7.75, 8], "texture": "#0"},
				"east": {"uv": [0, 0, 0, 8], "texture": "#0"},
				"south": {"uv": [7.75, 0, 15.5, 8], "texture": "#0"},
				"west": {"uv": [0, 0, 0, 8], "texture": "#0"},
				"up": {"uv": [7.75, 0, 0, 0], "texture": "#0"},
				"down": {"uv": [7.75, 0, 0, 0], "texture": "#0"}
			}
		},
		{
			"from": [11.3, 0, -15.4],
			"to": [11.3, 32, 15.6],
			"rotation": {"angle": -45, "axis": "y", "origin": [0, 0, 0]},
			"faces": {
				"north": {"uv": [0, 0, 0, 8], "texture": "#0"},
				"east": {"uv": [0, 8, 7.75, 16], "texture": "#0"},
				"south": {"uv": [0, 0, 0, 8], "texture": "#0"},
				"west": {"uv": [7.75, 8, 15.5, 16], "texture": "#0"},
				"up": {"uv": [0, 7.75, 0, 0], "texture": "#0"},
				"down": {"uv": [0, 0, 0, 7.75], "texture": "#0"}
			}
		}
	],
	"display": {
		"thirdperson_righthand": {
			"rotation": [70, 0, 0],
			"translation": [13.75, 0, -6.5]
		}
	}
}