{
	"credit": "Made with Blockbench",
	"texture_size": [64, 64],
	"textures": {
		"0": "plants:paeoniakesrouanensis",
		"particle": "plants:paeoniakesrouanensis"
	},
	"elements": [
		{
			"from": [-0.1, 0, 0],
			"to": [-0.1, 14, 22.5],
			"rotation": {"angle": 45, "axis": "y", "origin": [0, 0, 0]},
			"faces": {
				"north": {"uv": [0, 0, 0, 3.5], "texture": "#0"},
				"east": {"uv": [5.75, 0, 11.5, 3.5], "texture": "#0"},
				"south": {"uv": [0, 0, 0, 3.5], "texture": "#0"},
				"west": {"uv": [5.75, 3.5, 11.5, 7], "texture": "#0"},
				"up": {"uv": [0, 5.75, 0, 0], "texture": "#0"},
				"down": {"uv": [0, 0, 0, 5.75], "texture": "#0"}
			}
		},
		{
			"from": [-11.2, 0, 11.4],
			"to": [11.3, 14, 11.4],
			"rotation": {"angle": 45, "axis": "y", "origin": [0, 0, 0]},
			"faces": {
				"north": {"uv": [0, 0, 5.75, 3.5], "texture": "#0"},
				"east": {"uv": [0, 0, 0, 3.5], "texture": "#0"},
				"south": {"uv": [0, 3.5, 5.75, 7], "texture": "#0"},
				"west": {"uv": [0, 0, 0, 3.5], "texture": "#0"},
				"up": {"uv": [5.75, 0, 0, 0], "texture": "#0"},
				"down": {"uv": [5.75, 0, 0, 0], "texture": "#0"}
			}
		}
	]
}