{
	"credit": "Made with Blockbench",
	"texture_size": [64, 64],
	"textures": {
		"0": "plants:paeoniaostii",
		"particle": "plants:paeoniaostii"
	},
	"elements": [
		{
			"from": [-3, 0, -0.8],
			"to": [28, 32, -0.8],
			"rotation": {"angle": -45, "axis": "y", "origin": [-0.5, 0, -0.9]},
			"faces": {
				"north": {"uv": [0, 8, 7.75, 16], "texture": "#0"},
				"east": {"uv": [0, 0, 0, 8], "texture": "#0"},
				"south": {"uv": [7.75, 8, 15.5, 16], "texture": "#0"},
				"west": {"uv": [0, 0, 0, 8], "texture": "#0"},
				"up": {"uv": [7.75, 0, 0, 0], "texture": "#0"},
				"down": {"uv": [7.75, 0, 0, 0], "texture": "#0"}
			}
		},
		{
			"from": [-16, 0, 12],
			"to": [15, 32, 12],
			"rotation": {"angle": 45, "axis": "y", "origin": [-0.5, 0, -0.9]},
			"faces": {
				"north": {"uv": [0, 0, 7.75, 8], "texture": "#0"},
				"east": {"uv": [0, 0, 0, 8], "texture": "#0"},
				"south": {"uv": [7.75, 0, 15.5, 8], "texture": "#0"},
				"west": {"uv": [0, 0, 0, 8], "texture": "#0"},
				"up": {"uv": [7.75, 0, 0, 0], "texture": "#0"},
				"down": {"uv": [7.75, 0, 0, 0], "texture": "#0"}
			}
		}
	]
}