{
	"credit": "Made with Blockbench",
	"texture_size": [64, 64],
	"textures": {
		"0": "plants:paeoniacoriacea",
		"particle": "plants:paeoniacoriacea"
	},
	"elements": [
		{
			"from": [0, 0, 0.1],
			"to": [0, 27, 22.6],
			"rotation": {"angle": 45, "axis": "y", "origin": [0, 0, 0]},
			"faces": {
				"north": {"uv": [0, 0, 0, 6.75], "texture": "#0"},
				"east": {"uv": [0, 0, 5.75, 6.75], "texture": "#0"},
				"south": {"uv": [0, 0, 0, 6.75], "texture": "#0"},
				"west": {"uv": [5.75, 0, 11.5, 6.75], "texture": "#0"},
				"up": {"uv": [0, 5.75, 0, 0], "texture": "#0"},
				"down": {"uv": [0, 0, 0, 5.75], "texture": "#0"}
			}
		},
		{
			"from": [-11.2, 0, 11.3],
			"to": [11.3, 27, 11.3],
			"rotation": {"angle": 45, "axis": "y", "origin": [0, 0, 0]},
			"faces": {
				"north": {"uv": [0, 6.75, 5.75, 13.5], "texture": "#0"},
				"east": {"uv": [0, 0, 0, 6.75], "texture": "#0"},
				"south": {"uv": [5.75, 6.75, 11.5, 13.5], "texture": "#0"},
				"west": {"uv": [0, 0, 0, 6.75], "texture": "#0"},
				"up": {"uv": [5.75, 0, 0, 0], "texture": "#0"},
				"down": {"uv": [5.75, 0, 0, 0], "texture": "#0"}
			}
		}
	]
}