{
	"credit": "Made with Blockbench",
	"texture_size": [64, 64],
	"textures": {
		"0": "plants:paeoniaqiui",
		"particle": "plants:paeoniaqiui"
	},
	"elements": [
		{
			"from": [-2.5, 0, 0.1],
			"to": [28.5, 32, 0.1],
			"rotation": {"angle": -45, "axis": "y", "origin": [0, 0, 0]},
			"faces": {
				"north": {"uv": [0, 0, 7.75, 8], "texture": "#0"},
				"east": {"uv": [0, 0, 0, 8], "texture": "#0"},
				"south": {"uv": [7.75, 0, 15.5, 8], "texture": "#0"},
				"west": {"uv": [0, 0, 0, 8], "texture": "#0"},
				"up": {"uv": [7.75, 0, 0, 0], "texture": "#0"},
				"down": {"uv": [7.75, 0, 0, 0], "texture": "#0"}
			}
		},
		{
			"from": [-15.5, 0, 12.8],
			"to": [15.5, 32, 12.8],
			"rotation": {"angle": 45, "axis": "y", "origin": [0, 0, 0]},
			"faces": {
				"north": {"uv": [0, 8, 7.75, 16], "texture": "#0"},
				"east": {"uv": [0, 0, 0, 8], "texture": "#0"},
				"south": {"uv": [7.75, 8, 15.5, 16], "texture": "#0"},
				"west": {"uv": [0, 0, 0, 8], "texture": "#0"},
				"up": {"uv": [7.75, 0, 0, 0], "texture": "#0"},
				"down": {"uv": [7.75, 0, 0, 0], "texture": "#0"}
			}
		}
	],
	"display": {}
}