{
	"credit": "Made with Blockbench",
	"texture_size": [64, 64],
	"textures": {
		"0": "plants:paeoniaperegrina",
		"particle": "plants:paeoniaperegrina"
	},
	"elements": [
		{
			"from": [0, 0, 0],
			"to": [0, 25, 22.7],
			"rotation": {"angle": 45, "axis": "y", "origin": [0, 0, 0]},
			"faces": {
				"north": {"uv": [0, 0, 0, 6.25], "texture": "#0"},
				"east": {"uv": [0, 0, 5.75, 6.25], "texture": "#0"},
				"south": {"uv": [0, 0, 0, 6.25], "texture": "#0"},
				"west": {"uv": [5.75, 0, 11.5, 6.25], "texture": "#0"},
				"up": {"uv": [0, 5.75, 0, 0], "texture": "#0"},
				"down": {"uv": [0, 0, 0, 5.75], "texture": "#0"}
			}
		},
		{
			"from": [11.3, 0, -11.3],
			"to": [11.3, 25, 11.4],
			"rotation": {"angle": -45, "axis": "y", "origin": [0, 0, 0]},
			"faces": {
				"north": {"uv": [0, 0, 0, 6.25], "texture": "#0"},
				"east": {"uv": [5.75, 6.25, 0, 12.5], "texture": "#0"},
				"south": {"uv": [0, 0, 0, 6.25], "texture": "#0"},
				"west": {"uv": [5.75, 6.25, 11.5, 12.5], "texture": "#0"},
				"up": {"uv": [0, 5.75, 0, 0], "texture": "#0"},
				"down": {"uv": [0, 0, 0, 5.75], "texture": "#0"}
			}
		}
	]
}