{
	"credit": "Made with Blockbench",
	"texture_size": [64, 64],
	"textures": {
		"0": "plants:paeoniacambessedesii",
		"particle": "plants:paeoniacambessedesii"
	},
	"elements": [
		{
			"from": [0.1, 0, 0],
			"to": [0.1, 21, 22.7],
			"rotation": {"angle": 45, "axis": "y", "origin": [0, 0, 0]},
			"faces": {
				"north": {"uv": [0, 0, 0, 5.25], "texture": "#0"},
				"east": {"uv": [0, 0, 5.75, 5.25], "texture": "#0"},
				"south": {"uv": [0, 0, 0, 5.25], "texture": "#0"},
				"west": {"uv": [0, 5.25, 5.75, 10.5], "texture": "#0"},
				"up": {"uv": [0, 5.75, 0, 0], "texture": "#0"},
				"down": {"uv": [0, 0, 0, 5.75], "texture": "#0"}
			}
		},
		{
			"from": [-11.4, 0, 11.3],
			"to": [11.3, 21, 11.3],
			"rotation": {"angle": 45, "axis": "y", "origin": [0, 0, 0]},
			"faces": {
				"north": {"uv": [11.5, 0, 5.75, 5.25], "texture": "#0"},
				"east": {"uv": [0, 0, 0, 5.25], "texture": "#0"},
				"south": {"uv": [5.75, 5.25, 11.5, 10.5], "texture": "#0"},
				"west": {"uv": [0, 0, 0, 5.25], "texture": "#0"},
				"up": {"uv": [5.75, 0, 0, 0], "texture": "#0"},
				"down": {"uv": [5.75, 0, 0, 0], "texture": "#0"}
			}
		}
	],
	"display": {}
}