{
	"credit": "Made with Blockbench",
	"texture_size": [64, 64],
	"textures": {
		"0": "plants:paeoniaofficinalis",
		"particle": "plants:paeoniaofficinalis"
	},
	"elements": [
		{
			"from": [0, 0, 0],
			"to": [0, 30, 22.5],
			"rotation": {"angle": 45, "axis": "y", "origin": [0, 0, 0]},
			"faces": {
				"north": {"uv": [0, 0, 0, 7.5], "texture": "#0"},
				"east": {"uv": [5.75, 7.5, 0, 15], "texture": "#0"},
				"south": {"uv": [0, 0, 0, 7.5], "texture": "#0"},
				"west": {"uv": [5.75, 7.5, 11.5, 15], "texture": "#0"},
				"up": {"uv": [0, 5.75, 0, 0], "texture": "#0"},
				"down": {"uv": [0, 0, 0, 5.75], "texture": "#0"}
			}
		},
		{
			"from": [-11.2, 0, 11.3],
			"to": [11.3, 30, 11.3],
			"rotation": {"angle": 45, "axis": "y", "origin": [0, 0, 0]},
			"faces": {
				"north": {"uv": [0, 0, 5.5, 7.5], "texture": "#0"},
				"east": {"uv": [0, 0, 0, 7.5], "texture": "#0"},
				"south": {"uv": [5.5, 0, 11, 7.5], "texture": "#0"},
				"west": {"uv": [0, 0, 0, 7.5], "texture": "#0"},
				"up": {"uv": [5.5, 0, 0, 0], "texture": "#0"},
				"down": {"uv": [5.5, 0, 0, 0], "texture": "#0"}
			}
		}
	]
}