{
	"credit": "Made with Blockbench",
	"texture_size": [64, 64],
	"textures": {
		"0": "plants:paeoniaanomala",
		"particle": "plants:paeoniaanomala"
	},
	"elements": [
		{
			"from": [0, 0, 0],
			"to": [0, 18, 22.6],
			"rotation": {"angle": 45, "axis": "y", "origin": [0, 0, 0]},
			"faces": {
				"north": {"uv": [0, 0, 0, 4.5], "texture": "#0"},
				"east": {"uv": [0, 0, 5.75, 4.5], "texture": "#0"},
				"south": {"uv": [0, 0, 0, 4.5], "texture": "#0"},
				"west": {"uv": [0, 4.5, 5.75, 9], "texture": "#0"},
				"up": {"uv": [0, 5.75, 0, 0], "texture": "#0"},
				"down": {"uv": [0, 0, 0, 5.75], "texture": "#0"}
			}
		},
		{
			"from": [-11.3, 0, 11.3],
			"to": [11.3, 18, 11.3],
			"rotation": {"angle": 45, "axis": "y", "origin": [0, 0, 0]},
			"faces": {
				"north": {"uv": [5.75, 0, 11.5, 4.5], "texture": "#0"},
				"east": {"uv": [0, 0, 0, 4.5], "texture": "#0"},
				"south": {"uv": [5.75, 4.5, 11.5, 9], "texture": "#0"},
				"west": {"uv": [0, 0, 0, 4.5], "texture": "#0"},
				"up": {"uv": [5.75, 0, 0, 0], "texture": "#0"},
				"down": {"uv": [5.75, 0, 0, 0], "texture": "#0"}
			}
		}
	]
}